step,delay,waiting_time,stops,queue_length,road_rage
0,0.0,0.0,0.0,0.0,0.0
1,0.0392894270430075,0.0,0.0,0.0,0.0015715770817203
2,0.0726045973921512,0.0,0.5,0.018867924528301886,0.023281542386252088
3,0.36117340052009284,0.0,0.5,0.0,0.03444693602080372
4,0.9749791137184766,0.0,0.5,0.0,0.05899916454873907
5,0.7506331724744674,0.0,0.6666666666666666,0.0,0.05669199356564536
6,1.474272804326611,0.0,0.7142857142857143,0.0,0.087542340744493
7,1.6835519477794738,0.0,0.5555555555555556,0.0,0.08956430013340118
8,2.181657787510241,0.0,0.5555555555555556,0.0,0.10948853372263187
9,2.176072352572159,0.0,0.45454545454545453,0.0,0.10522471228470455
10,2.5642519727532904,0.0,0.45454545454545453,0.0,0.1207518970919498
11,2.7358688794182324,0.0,0.4166666666666667,0.0,0.12610142184339596
12,2.8230202492145793,0.07692307692307693,0.46153846153846156,0.018867924528301886,0.1332981684591492
13,2.8152119295261335,0.13333333333333333,0.5333333333333333,0.018867924528301886,0.13698583567161138
14,2.931889414132742,0.1875,0.5625,0.05660377358490566,0.14465765203700778
15,3.294355320926825,0.23529411764705882,0.5294117647058824,0.018867924528301886,0.1580339242688155
16,3.3970667614994596,0.2777777777777778,0.5,0.018867924528301886,0.16181558450609998
17,3.171414613040287,0.3,0.55,0.018867924528301886,0.15523394301217752
18,3.7164487502061134,0.35,0.55,0.018867924528301886,0.17803530849881055
19,3.5786988158815336,0.0,0.5909090909090909,0.0,0.166784316271625
20,3.783423612463294,0.0,0.6086956521739131,0.0,0.17568477058548826
21,4.5798548031501936,0.041666666666666664,0.6666666666666666,0.03773584905660377,0.21144890910713982
22,4.813576370561712,0.08333333333333333,0.6666666666666666,0.03773584905660377,0.22163110513693393
23,4.7723714099836565,0.11538461538461539,0.6538461538461539,0.03773584905660377,0.22011111184201684
24,5.021748766085019,0.15384615384615385,0.6538461538461539,0.03773584905660377,0.2308554368553021
25,5.69614516975682,0.19230769230769232,0.6538461538461539,0.03773584905660377,0.25860052377140486
26,5.572040943087506,0.25,0.6428571428571429,0.05660377358490566,0.2547279989094841
27,6.497650353203889,0.32142857142857145,0.6428571428571429,0.05660377358490566,0.2931809467427109
28,6.369634534571805,0.36666666666666664,0.6666666666666666,0.05660377358490566,0.2899174568545704
29,6.675336636825289,0.43333333333333335,0.6666666666666666,0.05660377358490566,0.30347887427804304
30,6.704312561185689,0.4838709677419355,0.6774193548387096,0.05660377358490566,0.30607877146751283
31,6.9571021340585,0.53125,0.65625,0.05660377358490566,0.31629116083403813
32,6.894470443916966,0.5588235294117647,0.6470588235294118,0.05660377358490566,0.31396971675778856
33,7.308077969923423,0.6176470588235294,0.6470588235294118,0.05660377358490566,0.3316904883862821
34,7.451345840227514,0.6571428571428571,0.6285714285714286,0.05660377358490566,0.337471623366513
35,6.925398067620468,0.3055555555555556,0.6388888888888888,0.07547169811320754,0.31019202333374957
36,7.673713030817029,0.35135135135135137,0.6486486486486487,0.07547169811320754,0.3414309281679183
37,8.398101799552352,0.39473684210526316,0.631578947368421,0.07547169811320754,0.3705914006812004
38,8.2733266622664,0.1282051282051282,0.6666666666666666,0.09433962264150944,0.36205062817425543
39,7.930074748754073,0.175,0.65,0.09433962264150944,0.34858978240299315
40,8.997774269577649,0.225,0.65,0.09433962264150944,0.3922977632359362
41,8.949735260614219,0.2682926829268293,0.6585365853658537,0.09433962264150944,0.3915835199505697
42,8.78990822960686,0.35714285714285715,0.6904761904761905,0.1320754716981132,0.38899974338014137
43,9.145443060095086,0.40476190476190477,0.6904761904761905,0.1320754716981132,0.40417351755205144
44,9.330347056797907,0.45454545454545453,0.6590909090909091,0.1320754716981132,0.41130993716042397
45,9.683531590067878,0.5333333333333333,0.6666666666666666,0.16981132075471697,0.4280708233511428
46,9.822417173205144,0.6086956521739131,0.6739130434782609,0.16981132075471697,0.4354233481259088
47,10.132060935775565,0.6956521739130435,0.6739130434782609,0.16981132075471697,0.4495482290635083
48,9.996180788114614,0.7659574468085106,0.6595744680851063,0.16981132075471697,0.44494558559925346
49,9.775304034225668,0.2765957446808511,0.6808510638297872,0.07547169811320754,0.42528755277809943
50,9.998004093900963,0.3191489361702128,0.6808510638297872,0.07547169811320754,0.4350466189948985
51,9.991925570335368,0.061224489795918366,0.6530612244897959,0.03773584905660377,0.427778678570057
52,10.123169798675633,0.1,0.66,0.07547169811320754,0.4348362259092895
53,10.106555624909053,0.1346153846153846,0.6538461538461539,0.07547169811320754,0.4346178128047801
54,10.165820341923766,0.11538461538461539,0.6538461538461539,0.03773584905660377,0.4358490691196211
55,11.3665245735769,0.14814814814814814,0.6851851851851852,0.05660377358490566,0.4861634287851445
56,11.521133767956359,0.2037037037037037,0.7037037037037037,0.11320754716981132,0.4953317238838728
57,11.738554567086107,0.09090909090909091,0.6909090909090909,0.07547169811320754,0.5005061621002539
58,12.569882737203155,0.14545454545454545,0.7090909090909091,0.11320754716981132,0.5363321877042497
59,12.248221602417873,0.19298245614035087,0.7192982456140351,0.16981132075471697,0.5259566694591776
60,12.547738019817071,0.15517241379310345,0.7241379310344828,0.1320754716981132,0.5366199957438865
61,12.680640179443845,0.20689655172413793,0.7241379310344828,0.1320754716981132,0.5429705648875781
62,13.02335767021413,0.2542372881355932,0.7288135593220338,0.1320754716981132,0.5578131043781207
63,12.965480671878733,0.29508196721311475,0.7213114754098361,0.1320754716981132,0.5560148346697673
64,13.085562551588952,0.22580645161290322,0.7096774193548387,0.09433962264150944,0.55821252032284
65,13.208113555832293,0.25396825396825395,0.7142857142857143,0.09433962264150944,0.5638621283369156
66,13.680169736789779,0.296875,0.734375,0.09433962264150944,0.5844060819244214
67,13.167002561220528,0.3333333333333333,0.7272727272727273,0.09433962264150944,0.5643244706592271
68,13.688990965145425,0.4090909090909091,0.7575757575757576,0.20754716981132076,0.5901954304868919
69,14.359072030743901,0.47058823529411764,0.7647058823529411,0.20754716981132076,0.6185138246259825
70,14.183884380523338,0.25,0.7647058823529411,0.1509433962264151,0.6059624784395795
71,14.113172039320128,0.3,0.7571428571428571,0.18867924528301888,0.6045861807641798
72,14.046902690695305,0.37142857142857144,0.7714285714285715,0.24528301886792453,0.6050674822908849
73,14.023974602455146,0.4444444444444444,0.7638888888888888,0.32075471698113206,0.6068185228822729
74,14.621852439824043,0.5342465753424658,0.7671232876712328,0.32075471698113206,0.6326590549462829
75,15.332445943572177,0.6575342465753424,0.7945205479452054,0.41509433962264153,0.666531231384655
76,15.252767555970653,0.5066666666666667,0.7866666666666666,0.41509433962264153,0.6600125890312789
77,15.00397395162707,0.631578947368421,0.8157894736842105,0.5283018867924528,0.6559881536956688
78,15.758527104426374,0.7763157894736842,0.8289473684210527,0.5849056603773585,0.6907234079109181
79,16.1670356324142,0.5526315789473685,0.8421052631578947,0.4528301886792453,0.7004748711754161
80,16.497893232416985,0.4358974358974359,0.8461538461538461,0.32075471698113206,0.7088949262004046
81,17.06076063139753,0.5189873417721519,0.8354430379746836,0.32075471698113206,0.7326429879499543
82,18.67537143804062,0.6375,0.875,0.4339622641509434,0.8034441028046438
83,18.185391471253524,0.654320987654321,0.8765432098765432,0.41509433962264153,0.783865693790742
84,18.104073307877158,0.7590361445783133,0.8674698795180723,0.41509433962264153,0.7823443371798283
85,18.029607836866113,0.8928571428571429,0.8809523809523809,0.4716981132075472,0.7837135138340336
86,19.95538277504074,1.0470588235294118,0.9058823529411765,0.5660377358490566,0.8667125363068461
87,20.18982308050291,1.197674418604651,0.8953488372093024,0.5283018867924528,0.8779264028164308
88,20.28938744394083,1.3295454545454546,0.8863636363636364,0.5849056603773585,0.885319065510635
89,20.946886344099088,1.2386363636363635,0.8977272727272727,0.4528301886792453,0.9076138757193666
90,20.513380796875087,0.7640449438202247,0.898876404494382,0.2641509433962264,0.8770542057991076
91,20.915965483943197,0.7865168539325843,0.9213483146067416,0.3018867924528302,0.8952606248697059
92,20.739031242799374,0.8681318681318682,0.9230769230769231,0.33962264150943394,0.8906394168278781
93,21.39128236336363,0.978021978021978,0.9340659340659341,0.3584905660377358,0.9197441827783767
94,21.5129717080702,1.032258064516129,0.946236559139785,0.41509433962264153,0.9273153787711749
95,20.850689769576316,0.8191489361702128,0.9680851063829787,0.32075471698113206,0.8955490681013988
96,21.287551617883384,0.71875,0.9791666666666666,0.33962264150943394,0.9118361842121907
97,21.765642996164264,0.8333333333333334,1.0,0.41509433962264153,0.9355942733056901
98,23.188872796984555,0.9381443298969072,0.9896907216494846,0.4339622641509434,0.9945846726263188
99,23.291361029157702,0.7272727272727273,1.0101010101010102,0.4528301886792453,0.995660539889388
100,24.609843440540644,0.8484848484848485,1.0101010101010102,0.4339622641509434,1.0
101,24.567958345267723,0.9702970297029703,1.0297029702970297,0.49056603773584906,1.0
102,25.10143669834006,1.1176470588235294,1.0490196078431373,0.5660377358490566,1.0
103,25.22551017454232,1.2718446601941749,1.058252427184466,0.5849056603773585,1.0
104,25.674812027655573,1.4466019417475728,1.0679611650485437,0.6037735849056604,1.0
105,25.53788987587317,1.3047619047619048,1.0857142857142856,0.6037735849056604,1.0
106,25.713628146468753,1.3867924528301887,1.0849056603773586,0.6415094339622641,1.0
107,25.38173912752068,1.5514018691588785,1.102803738317757,0.8113207547169812,1.0
108,24.874442830226766,1.5688073394495412,1.1009174311926606,0.8490566037735849,1.0
109,24.762897140550624,1.5225225225225225,1.09009009009009,0.7169811320754716,1.0
110,25.303687465187302,1.6607142857142858,1.0892857142857142,0.7735849056603774,1.0
111,26.406961517824726,1.7857142857142858,1.1160714285714286,0.7547169811320755,1.0
112,27.255798355569887,1.9642857142857142,1.1339285714285714,0.8113207547169812,1.0
113,26.76800797584717,2.1491228070175437,1.1666666666666667,0.9811320754716981,1.0
114,26.855341429752862,1.6956521739130435,1.1652173913043478,0.7735849056603774,1.0
115,27.031240258935743,1.5862068965517242,1.1810344827586208,0.8301886792452831,1.0
116,27.5977488168457,1.75,1.1982758620689655,0.8867924528301887,1.0
117,27.69675423551991,1.7264957264957266,1.1965811965811965,0.9811320754716981,1.0
118,28.647632256566304,1.2820512820512822,1.2136752136752136,0.8867924528301887,1.0
119,28.376968878053244,1.4915254237288136,1.2457627118644068,1.1132075471698113,1.0
120,28.769770563531264,1.4661016949152543,1.2627118644067796,0.9433962264150944,1.0
121,28.960207115539284,1.5583333333333333,1.2666666666666666,1.0188679245283019,1.0
122,30.200804588807568,1.65,1.2833333333333334,0.9811320754716981,1.0
123,29.906391021926023,1.7704918032786885,1.2868852459016393,0.9811320754716981,1.0
124,29.718152311981086,1.7642276422764227,1.2926829268292683,0.9811320754716981,1.0
125,29.934508825855836,1.5040650406504066,1.3008130081300813,0.8301886792452831,1.0
126,30.21358720530162,1.44,1.312,0.7358490566037735,1.0
127,30.584016416843653,1.216,1.328,0.660377358490566,1.0
128,30.739823369051827,1.2755905511811023,1.3070866141732282,0.6037735849056604,1.0
129,31.079326057932725,1.4015748031496063,1.3385826771653544,0.7547169811320755,1.0
130,31.27139866851477,1.503875968992248,1.3333333333333333,0.8113207547169812,1.0
131,31.195182866775287,1.623076923076923,1.3384615384615384,0.7924528301886793,1.0
132,31.812867506028457,1.7633587786259541,1.3511450381679388,0.8867924528301887,1.0
133,30.69891007594784,1.5075757575757576,1.3409090909090908,0.7358490566037735,1.0
134,31.30909257422461,1.6259541984732824,1.3587786259541985,0.7358490566037735,1.0
135,31.880055701021707,1.75,1.3636363636363635,0.7924528301886793,1.0
136,32.85465299990866,1.3233082706766917,1.368421052631579,0.660377358490566,1.0
137,32.88199632711806,1.2761194029850746,1.3955223880597014,0.8490566037735849,1.0
138,32.826399791662475,1.213235294117647,1.3970588235294117,0.7924528301886793,1.0
139,33.54220725179408,1.3676470588235294,1.4191176470588236,0.8867924528301887,1.0
140,32.8154156236163,1.3623188405797102,1.4202898550724639,0.8490566037735849,1.0
141,31.673768227303384,1.3043478260869565,1.434782608695652,0.7735849056603774,1.0
142,31.689228832054205,1.3142857142857143,1.45,0.8490566037735849,1.0
143,33.439698048130474,0.8857142857142857,1.457142857142857,0.660377358490566,1.0
144,32.49231490975181,0.9225352112676056,1.4366197183098592,0.5471698113207547,1.0
145,32.598676076916746,1.027972027972028,1.4475524475524475,0.6415094339622641,1.0
146,33.03900658705098,1.1388888888888888,1.4513888888888888,0.6792452830188679,1.0
147,33.46934830798942,1.1180555555555556,1.4791666666666667,0.7924528301886793,1.0
148,34.15813405483414,1.2689655172413794,1.4965517241379311,0.8679245283018868,1.0
149,34.4427536416107,1.4217687074829932,1.489795918367347,1.0,1.0
150,35.13899481152733,1.3945578231292517,1.5034013605442176,0.9622641509433962,1.0
151,35.08362378809772,1.523489932885906,1.4966442953020134,0.9811320754716981,1.0
152,34.52951726825982,1.3333333333333333,1.5,0.9056603773584906,1.0
153,34.55810398818685,1.2450331125827814,1.5165562913907285,0.9056603773584906,1.0
154,34.997513031321596,1.2317880794701987,1.5364238410596027,0.9056603773584906,1.0
155,35.53482648158607,1.3708609271523178,1.509933774834437,0.9056603773584906,1.0
156,36.62657109434757,1.519736842105263,1.519736842105263,0.9433962264150944,1.0
157,36.57656539341146,1.5947712418300655,1.522875816993464,0.9622641509433962,1.0
158,37.32810304817669,1.743421052631579,1.5263157894736843,1.0,1.0
159,36.662028542187805,1.2727272727272727,1.525974025974026,0.8301886792452831,1.0
160,36.43439466800461,1.1753246753246753,1.5324675324675325,0.6792452830188679,1.0
161,37.489085029305016,1.2026143790849673,1.5359477124183007,0.7169811320754716,1.0
162,38.143515269541595,1.326797385620915,1.542483660130719,0.7547169811320755,1.0
163,38.04863909222613,1.4451612903225806,1.5354838709677419,0.9056603773584906,1.0
164,38.474325237364006,1.5806451612903225,1.5354838709677419,0.8679245283018868,1.0
165,38.83487905746983,1.7179487179487178,1.5256410256410255,0.9433962264150944,1.0
166,39.3991287408342,1.6666666666666667,1.544871794871795,0.9811320754716981,1.0
167,39.34618590284367,1.8101265822784811,1.5443037974683544,1.0566037735849056,1.0
168,39.80183334376828,1.9936708860759493,1.5632911392405062,1.2075471698113207,1.0
169,39.276193000960475,1.69375,1.575,1.1320754716981132,1.0
170,39.9796610125759,1.5875,1.56875,1.0754716981132075,1.0
171,39.89774733044617,1.3395061728395061,1.5617283950617284,0.9245283018867925,1.0
172,39.015413062748046,1.3271604938271604,1.5802469135802468,0.8301886792452831,1.0
173,39.16303231287114,1.2345679012345678,1.5987654320987654,0.7547169811320755,1.0
174,38.94876779947362,1.2638036809815951,1.6012269938650308,0.7169811320754716,1.0
175,39.79410002740955,1.2208588957055215,1.6134969325153374,0.7169811320754716,1.0
176,40.27018916278466,1.1151515151515152,1.6181818181818182,0.660377358490566,1.0
177,40.15890663406072,1.2108433734939759,1.6265060240963856,0.660377358490566,1.0
178,40.54371130976642,1.251497005988024,1.6287425149700598,0.7358490566037735,1.0
179,41.42227503836464,1.3592814371257484,1.6646706586826348,1.0,1.0
180,41.32589414912571,1.4397590361445782,1.644578313253012,0.9245283018867925,1.0
181,41.937875063152156,1.593939393939394,1.6363636363636365,0.9245283018867925,1.0
182,41.31977999511194,1.6646706586826348,1.6347305389221556,0.8679245283018868,1.0
183,41.49136986338159,1.7261904761904763,1.6369047619047619,0.8490566037735849,1.0
184,41.45757336987398,1.8520710059171597,1.6331360946745561,0.8679245283018868,1.0
185,41.373582593857755,1.988235294117647,1.6411764705882352,0.9433962264150944,1.0
186,42.33025538386774,1.964705882352941,1.6411764705882352,0.8679245283018868,1.0
187,42.21289960317718,2.0409356725146197,1.6491228070175439,0.9056603773584906,1.0
188,42.918172715618844,1.9364161849710984,1.6473988439306357,0.8867924528301887,1.0
189,42.317415763156184,1.6878612716763006,1.6647398843930636,0.8867924528301887,1.0
190,43.28356594030429,1.2914285714285714,1.68,0.9056603773584906,1.0
191,42.83741111326366,1.3920454545454546,1.6988636363636365,1.0566037735849056,1.0
192,42.491072772705884,1.384180790960452,1.694915254237288,0.9245283018867925,1.0
193,43.38135977425815,1.4382022471910112,1.696629213483146,0.8867924528301887,1.0
194,41.999069469237504,1.3555555555555556,1.6944444444444444,0.9245283018867925,1.0
195,41.66069042699133,1.3646408839779005,1.6850828729281768,0.8490566037735849,1.0
196,41.0632754086143,1.4696132596685083,1.701657458563536,0.8867924528301887,1.0
197,41.64417302641893,1.2459016393442623,1.7049180327868851,0.9245283018867925,1.0
198,41.56271955550642,1.2771739130434783,1.6956521739130435,0.8867924528301887,1.0
199,41.465192121799085,1.2540540540540541,1.7027027027027026,0.8301886792452831,1.0
200,40.57957342240549,1.3675675675675676,1.7297297297297298,0.8679245283018868,1.0
201,40.866035104257435,1.4193548387096775,1.7419354838709677,0.9433962264150944,1.0
202,39.98257471103427,1.5268817204301075,1.7419354838709677,1.0943396226415094,1.0
203,40.653332057136566,1.6595744680851063,1.7446808510638299,1.150943396226415,1.0
204,41.75254870665971,1.8128342245989304,1.786096256684492,1.320754716981132,1.0
205,42.80901262916889,2.0,1.797872340425532,1.4150943396226414,1.0
206,42.97449725399438,2.223404255319149,1.8191489361702127,1.5849056603773586,1.0
207,43.45032164112835,2.449197860962567,1.8288770053475936,1.6415094339622642,1.0
208,43.826277370903505,2.2606382978723403,1.8404255319148937,1.6037735849056605,1.0
209,43.3366350589108,2.1526315789473682,1.8578947368421053,1.7169811320754718,1.0
210,43.54699596961209,1.9105263157894736,1.8631578947368421,1.6037735849056605,1.0
211,44.01682929439547,1.8368421052631578,1.868421052631579,1.490566037735849,1.0
212,43.39982863713411,2.0052631578947366,1.8631578947368421,1.5471698113207548,1.0
213,43.73642245781843,1.7486910994764397,1.869109947643979,1.3962264150943395,1.0
214,42.89967459539639,1.6473684210526316,1.8894736842105264,1.2830188679245282,1.0
215,43.65172069424013,1.6105263157894736,1.8842105263157896,1.150943396226415,1.0
216,44.412833142446594,1.5894736842105264,1.8842105263157896,1.0188679245283019,1.0
217,44.24747565477579,1.0421052631578946,1.9,1.0566037735849056,1.0
218,43.28797680800107,0.9365079365079365,1.8941798941798942,1.0377358490566038,1.0
219,43.80004814714189,0.8481675392670157,1.9005235602094241,1.0,1.0
220,45.24593614565158,0.78125,1.9010416666666667,0.9245283018867925,1.0
221,46.096371630019036,0.8229166666666666,1.9114583333333333,0.9245283018867925,1.0
222,45.22362315850559,0.8186528497409327,1.9119170984455958,0.9622641509433962,1.0
223,45.776555767733015,0.9175257731958762,1.9175257731958764,1.0377358490566038,1.0
224,46.24413341191774,0.9947916666666666,1.9166666666666667,1.1320754716981132,1.0
225,46.82468658671684,1.0785340314136125,1.9267015706806283,1.1886792452830188,1.0
226,47.149768137679246,1.1554404145077721,1.932642487046632,1.3396226415094339,1.0
227,47.956687946113135,1.16580310880829,1.9430051813471503,1.4150943396226414,1.0
228,47.5042449036421,1.1692307692307693,1.9282051282051282,1.3962264150943395,1.0
229,47.35872470365254,1.158974358974359,1.9435897435897436,1.3962264150943395,1.0
230,46.59474455206964,1.0204081632653061,1.9489795918367347,1.2452830188679245,1.0
231,47.51969155700492,1.0101522842639594,1.9543147208121827,1.2264150943396226,1.0
232,46.95966119676401,1.0303030303030303,1.9646464646464648,1.2264150943396226,1.0
233,47.11131573583572,1.0251256281407035,1.984924623115578,1.3396226415094339,1.0
234,46.59488323766538,0.9353233830845771,1.9850746268656716,1.1886792452830188,1.0
235,47.04796418798609,1.005,2.01,1.2452830188679245,1.0
236,46.5296948812862,1.0753768844221105,1.9899497487437185,1.2830188679245282,1.0
237,47.40194682720324,1.155,2.005,1.490566037735849,1.0
238,49.63715890821241,1.32,2.05,1.7547169811320755,1.0
239,49.310354260088495,1.47,2.075,1.7924528301886793,1.0
240,48.762447117003134,1.3333333333333333,2.054726368159204,1.528301886792453,1.0
241,48.784791759497146,1.345,2.045,1.3962264150943395,1.0
242,48.008020306198034,1.492537313432836,2.054726368159204,1.4150943396226414,1.0
243,48.47780089144775,1.56,2.065,1.3396226415094339,1.0
244,48.27478633708877,1.6218905472636815,2.074626865671642,1.509433962264151,1.0
245,48.56411695456684,1.8059701492537314,2.084577114427861,1.5660377358490567,1.0
246,50.24943580803251,1.899497487437186,2.1155778894472363,1.6037735849056605,1.0
247,49.74163596554061,1.9547738693467336,2.1105527638190953,1.6226415094339623,1.0
248,50.04208480366362,1.94,2.12,1.6226415094339623,1.0
249,50.161533356099994,2.1044776119402986,2.109452736318408,1.6981132075471699,1.0
250,50.1871693345479,2.044776119402985,2.1144278606965172,1.5849056603773586,1.0
251,49.51261520165021,1.7574257425742574,2.108910891089109,1.320754716981132,1.0
252,49.445573951283855,1.7920792079207921,2.113861386138614,1.320754716981132,1.0
253,49.29846090405773,1.8374384236453203,2.1133004926108376,1.320754716981132,1.0
254,49.38152413261313,1.9950738916256157,2.1182266009852215,1.3396226415094339,1.0
255,49.240439116112604,2.0878048780487806,2.126829268292683,1.490566037735849,1.0
256,50.14186477365699,2.2487804878048783,2.1170731707317074,1.509433962264151,1.0
257,50.166780203716236,2.1990291262135924,2.116504854368932,1.4528301886792452,1.0
258,50.67364200525263,2.2427184466019416,2.1116504854368934,1.3962264150943395,1.0
259,50.72846172520346,2.2572815533980584,2.0970873786407767,1.3584905660377358,1.0
260,49.354098999647555,2.429951690821256,2.111111111111111,1.6037735849056605,1.0
261,49.65099258944809,2.3816425120772946,2.111111111111111,1.6226415094339623,1.0
262,51.09662174537662,2.0336538461538463,2.1153846153846154,1.528301886792453,1.0
263,51.286448716915025,1.9186602870813396,2.1148325358851676,1.5660377358490567,1.0
264,50.044582896142096,1.9278846153846154,2.125,1.6226415094339623,1.0
265,49.81213857579798,1.8995215311004785,2.1148325358851676,1.5849056603773586,1.0
266,50.80460969687653,1.9521531100478469,2.1435406698564594,1.6981132075471699,1.0
267,51.27935360709763,2.1137440758293837,2.156398104265403,1.7924528301886793,1.0
268,51.201730902629,2.148325358851675,2.172248803827751,1.8679245283018868,1.0
269,52.320351564887,2.142857142857143,2.176190476190476,1.8867924528301887,1.0
270,51.76873791613193,1.8995215311004785,2.1578947368421053,1.7547169811320755,1.0
271,52.654132190206084,1.7416267942583732,2.1818181818181817,1.7924528301886793,1.0
272,50.64338920542497,1.5687203791469195,2.199052132701422,1.7169811320754718,1.0
273,51.08128690349957,1.429245283018868,2.2122641509433962,1.6226415094339623,1.0
274,51.40705011629224,1.3427230046948357,2.215962441314554,1.6603773584905661,1.0
275,52.10089290273977,1.2582159624413145,2.2253521126760565,1.4528301886792452,1.0
276,52.28216897787552,1.0046728971962617,2.205607476635514,1.3584905660377358,1.0
277,51.07632562424068,1.1069767441860465,2.2093023255813953,1.4150943396226414,1.0
278,52.18110254790905,1.2476635514018692,2.2149532710280373,1.528301886792453,1.0
279,52.1329820684092,1.4131455399061033,2.215962441314554,1.6603773584905661,1.0
280,52.68053471022886,1.5566037735849056,2.2122641509433962,1.6981132075471699,1.0
281,52.712111801041985,1.5308056872037914,2.2322274881516586,1.7735849056603774,1.0
282,53.06641879809651,1.5829383886255923,2.2606635071090047,1.7735849056603774,1.0
283,52.25004704593746,1.5660377358490567,2.259433962264151,1.6981132075471699,1.0
284,54.399883228250175,1.679245283018868,2.259433962264151,1.6603773584905661,1.0
285,53.44068693063872,1.7014218009478672,2.255924170616114,1.7735849056603774,1.0
286,51.81806450456879,1.5876777251184835,2.2464454976303316,1.5849056603773586,1.0
287,52.89525526769553,1.631578947368421,2.229665071770335,1.509433962264151,1.0
288,53.45033167670898,1.680952380952381,2.2285714285714286,1.3962264150943395,1.0
289,54.111906887309274,1.5741626794258374,2.229665071770335,1.150943396226415,1.0
290,53.07911367470375,1.6971153846153846,2.235576923076923,1.2830188679245282,1.0
291,52.95738725093379,1.8277511961722488,2.248803827751196,1.4339622641509433,1.0
292,54.15042859956845,1.8341232227488151,2.2464454976303316,1.490566037735849,1.0
293,53.84932729914366,1.9238095238095239,2.261904761904762,1.6037735849056605,1.0
294,53.707478571888004,2.080952380952381,2.257142857142857,1.6981132075471699,1.0
295,54.360998982955195,2.0377358490566038,2.2547169811320753,1.6415094339622642,1.0
296,55.81289963695416,2.056872037914692,2.2701421800947865,1.8113207547169812,1.0
297,55.61594585692754,1.9103773584905661,2.2641509433962264,1.6981132075471699,1.0
298,53.68074629552145,1.9386792452830188,2.259433962264151,1.5660377358490567,1.0
299,54.501738002293166,2.0373831775700935,2.2616822429906542,1.6415094339622642,1.0
300,53.76737620027743,2.135514018691589,2.2757009345794392,1.5849056603773586,1.0
301,54.374427161292914,2.263888888888889,2.2777777777777777,1.6603773584905661,1.0
302,53.330150836678385,2.4305555555555554,2.2962962962962963,1.6981132075471699,1.0
303,52.91071480057215,2.3364055299539173,2.3179723502304146,1.7358490566037736,1.0
304,54.23118459337494,2.184331797235023,2.313364055299539,1.4528301886792452,1.0
305,55.04299181699348,2.1566820276497696,2.294930875576037,1.3773584905660377,1.0
306,55.43360906732208,1.9724770642201834,2.2889908256880735,1.1886792452830188,1.0
307,55.6653735457349,2.050228310502283,2.2831050228310503,1.1132075471698113,1.0
308,57.01086896620641,1.9953917050691243,2.2764976958525347,1.1132075471698113,1.0
309,55.198754551936496,1.853211009174312,2.279816513761468,1.0754716981132075,1.0
310,55.67789425632554,1.9395348837209303,2.3069767441860467,1.3584905660377358,1.0
311,57.81430360412652,1.92018779342723,2.352112676056338,1.7169811320754718,1.0
312,58.36914204000988,2.0704225352112675,2.3661971830985915,1.7547169811320755,1.0
313,57.87121431336093,1.7934272300469483,2.375586854460094,1.5660377358490567,1.0
314,58.66315252156979,1.5868544600938967,2.3943661971830985,1.5471698113207548,1.0
315,58.029075540250474,1.6465116279069767,2.3767441860465115,1.4150943396226414,1.0
316,58.14617354046995,1.5070422535211268,2.375586854460094,1.471698113207547,1.0
317,57.10647884802727,1.4481132075471699,2.3962264150943398,1.4150943396226414,1.0
318,56.78341813230588,1.3175355450236967,2.3933649289099526,1.3018867924528301,1.0
319,55.63757988031291,1.352112676056338,2.3943661971830985,1.2830188679245282,1.0
320,55.3038569171436,1.302325581395349,2.386046511627907,1.1886792452830188,1.0
321,55.250040673755606,1.1635514018691588,2.3878504672897196,0.9811320754716981,1.0
322,55.06936060626929,1.266355140186916,2.369158878504673,1.0377358490566038,1.0
323,55.245646732904994,1.280373831775701,2.364485981308411,1.0,1.0
324,56.75456672060928,1.3271028037383177,2.364485981308411,1.0566037735849056,1.0
325,56.55321588619229,1.3568075117370892,2.3943661971830985,1.150943396226415,1.0
326,56.209991479015066,1.2511627906976743,2.395348837209302,1.1886792452830188,1.0
327,56.53495003173816,1.2175925925925926,2.4074074074074074,1.2264150943396226,1.0
328,57.45137009268507,1.1203703703703705,2.4166666666666665,1.0377358490566038,1.0
329,57.14291609161411,1.2211981566820276,2.423963133640553,1.2075471698113207,1.0
330,56.26172939742826,1.3640552995391706,2.4009216589861753,1.4528301886792452,1.0
331,55.066306736315816,1.5324074074074074,2.3981481481481484,1.509433962264151,1.0
332,54.58013215872186,1.7069767441860466,2.4093023255813955,1.6037735849056605,1.0
333,54.590930339318874,1.8046511627906976,2.4232558139534883,1.7924528301886793,1.0
334,55.0350726782433,1.9439252336448598,2.4299065420560746,1.9056603773584906,1.0
335,55.90835895981958,1.9671361502347418,2.4460093896713615,1.8867924528301887,1.0
336,55.53486809210918,1.8018867924528301,2.419811320754717,1.7358490566037736,1.0
337,56.42559917165236,1.9150943396226414,2.44811320754717,1.8679245283018868,1.0
338,57.74373086311111,2.0375586854460095,2.464788732394366,1.9433962264150944,1.0
339,58.388632164098404,2.1792452830188678,2.4622641509433962,1.849056603773585,1.0
340,58.20246398358804,2.191588785046729,2.453271028037383,1.830188679245283,1.0
341,57.60494713469435,2.311627906976744,2.4604651162790696,1.9622641509433962,1.0
342,57.7579574800907,2.2325581395348837,2.4465116279069767,1.830188679245283,1.0
343,59.55813409959178,2.027906976744186,2.4511627906976745,1.509433962264151,1.0
344,58.93398525284603,2.050925925925926,2.4675925925925926,1.6981132075471699,1.0
345,60.23108455468932,1.6221198156682028,2.4654377880184333,1.5849056603773586,1.0
346,61.40929196661127,1.4377880184331797,2.474654377880184,1.528301886792453,1.0
347,61.747427261786484,1.2100456621004567,2.4566210045662102,1.3018867924528301,1.0
348,59.73988117357392,1.1681818181818182,2.45,1.2452830188679245,1.0
349,61.28335357658751,1.2171945701357465,2.4660633484162897,1.3018867924528301,1.0
350,60.91101738510263,1.3772727272727272,2.4863636363636363,1.490566037735849,1.0
351,60.92778442174846,1.5225225225225225,2.4774774774774775,1.5471698113207548,1.0
352,61.50205178970028,1.5291479820627802,2.4798206278026904,1.4528301886792452,1.0
353,60.95083421007667,1.5964125560538116,2.484304932735426,1.5660377358490567,1.0
354,60.93700127933149,1.704035874439462,2.4887892376681613,1.6981132075471699,1.0
355,59.95847186114604,1.811659192825112,2.506726457399103,1.6603773584905661,1.0
356,60.66328986998271,1.8699551569506727,2.5336322869955157,1.8679245283018868,1.0
357,60.70947174867222,2.0672645739910314,2.5291479820627805,1.9245283018867925,1.0
358,61.29408423250957,2.169642857142857,2.544642857142857,2.0943396226415096,1.0
359,61.459861165959545,2.225663716814159,2.5442477876106193,2.1132075471698113,1.0
360,62.1491723456481,2.3482142857142856,2.5580357142857144,2.0943396226415096,1.0
361,61.294133843610766,2.2466367713004485,2.5605381165919283,2.1320754716981134,1.0
362,60.27520892605264,2.054054054054054,2.5495495495495497,2.1132075471698113,1.0
363,61.000744125312636,2.03125,2.5535714285714284,2.1132075471698113,1.0
364,61.11075077164384,2.0585585585585586,2.5585585585585586,1.9433962264150944,1.0
365,60.629215919546624,1.6486486486486487,2.5765765765765765,1.830188679245283,1.0
366,61.7260265728218,1.6081081081081081,2.59009009009009,1.6603773584905661,1.0
367,62.35704786099235,1.407239819004525,2.6108597285067874,1.6226415094339623,1.0
368,60.75891096052123,1.4484304932735426,2.600896860986547,1.5471698113207548,1.0
369,61.82816649275452,1.5636363636363637,2.5681818181818183,1.490566037735849,1.0
370,61.785293257564106,1.6877828054298643,2.565610859728507,1.5471698113207548,1.0
371,62.022289871286134,1.7136363636363636,2.5863636363636364,1.5660377358490567,1.0
372,62.49427439995374,1.5158371040723981,2.574660633484163,1.490566037735849,1.0
373,61.11355831486101,1.337837837837838,2.581081081081081,1.3584905660377358,1.0
374,60.60618339533132,1.0669642857142858,2.5669642857142856,1.169811320754717,1.0
375,61.86787452096508,0.7937219730941704,2.5650224215246635,1.0377358490566038,1.0
376,62.77004942258847,0.6995515695067265,2.5739910313901344,0.9056603773584906,1.0
377,63.43441229012398,0.7232142857142857,2.580357142857143,0.9622641509433962,1.0
378,64.37343670976253,0.5644444444444444,2.5866666666666664,0.8113207547169812,1.0
379,63.70248230680038,0.5911111111111111,2.582222222222222,0.8679245283018868,1.0
380,63.087095190311935,0.6902654867256637,2.5707964601769913,0.8679245283018868,1.0
381,62.922403308692395,0.7300884955752213,2.5575221238938055,0.9433962264150944,1.0
382,62.95180476009832,0.8458149779735683,2.563876651982379,1.0377358490566038,1.0
383,63.62180161821114,0.9559471365638766,2.594713656387665,1.1886792452830188,1.0
384,62.79421670506257,0.9039301310043668,2.5807860262008733,1.0754716981132075,1.0
385,63.05240591291964,0.7850877192982456,2.587719298245614,1.1132075471698113,1.0
386,63.55620224474352,0.759825327510917,2.5851528384279474,1.0377358490566038,1.0
387,65.1217621898209,0.6157205240174672,2.6026200873362444,0.9245283018867925,1.0
388,64.22088992356062,0.6826086956521739,2.5956521739130434,0.8867924528301887,1.0
389,63.35219527844091,0.62882096069869,2.593886462882096,0.9433962264150944,1.0
390,64.35914808701638,0.7043478260869566,2.5869565217391304,0.9622641509433962,1.0
391,63.875912031766696,0.8008658008658008,2.5974025974025974,1.0377358490566038,1.0
392,64.06722995611426,0.8565217391304348,2.6043478260869564,1.150943396226415,1.0
393,63.823228258909324,0.8528138528138528,2.593073593073593,1.1320754716981132,1.0
394,63.908748275763344,0.8787878787878788,2.58008658008658,1.0754716981132075,1.0
395,63.90245443921699,0.6896551724137931,2.5732758620689653,0.8113207547169812,1.0
396,63.26835717285881,0.6594827586206896,2.586206896551724,0.7924528301886793,1.0
397,63.717800183079596,0.6609442060085837,2.587982832618026,0.7547169811320755,1.0
398,63.56193615457069,0.6367521367521367,2.5982905982905984,0.7735849056603774,1.0
399,63.63532137156322,0.7136752136752137,2.6025641025641026,0.7547169811320755,1.0
400,63.583480800065296,0.7543103448275862,2.586206896551724,0.7735849056603774,1.0
401,62.07505167612123,0.853448275862069,2.603448275862069,0.9245283018867925,1.0
402,61.877224369878896,0.9439655172413793,2.5948275862068964,1.0754716981132075,1.0
403,61.73738084202611,1.0689655172413792,2.586206896551724,1.1320754716981132,1.0
404,61.332713655962856,1.0649350649350648,2.58008658008658,1.2075471698113207,1.0
405,62.14038072552385,1.103448275862069,2.586206896551724,1.1886792452830188,1.0
406,61.47737440926515,1.25,2.5948275862068964,1.490566037735849,1.0
407,61.81986526752502,1.3782608695652174,2.582608695652174,1.5849056603773586,1.0
408,62.397254361660835,1.380952380952381,2.58008658008658,1.490566037735849,1.0
409,62.25431137395263,1.482608695652174,2.5695652173913044,1.509433962264151,1.0
410,61.88631748757359,1.626086956521739,2.5739130434782607,1.5849056603773586,1.0
411,61.822758305186824,1.7792207792207793,2.567099567099567,1.7735849056603774,1.0
412,62.297282437418225,1.8347826086956522,2.5652173913043477,1.7169811320754718,1.0
413,62.637878393471816,1.708695652173913,2.5608695652173914,1.5849056603773586,1.0
414,63.214629632366616,1.7347826086956522,2.5695652173913044,1.471698113207547,1.0
415,60.47173148402988,1.4396551724137931,2.5689655172413794,1.471698113207547,1.0
416,60.220697857303456,1.4291845493562232,2.570815450643777,1.3962264150943395,1.0
417,60.208311669692904,1.5560344827586208,2.5732758620689653,1.4339622641509433,1.0
418,60.91945520123738,1.6824034334763949,2.5793991416309012,1.509433962264151,1.0
419,60.97031536365673,1.6695278969957081,2.5793991416309012,1.490566037735849,1.0
420,59.81201063932481,1.5665236051502145,2.5622317596566524,1.4339622641509433,1.0
421,58.83964431955024,1.7043478260869565,2.5608695652173914,1.5471698113207548,1.0
422,60.501705943405234,1.7173913043478262,2.582608695652174,1.7358490566037736,1.0
423,61.74207630011573,1.4148471615720524,2.593886462882096,1.6415094339622642,1.0
424,63.37819967631042,1.39647577092511,2.563876651982379,1.3962264150943395,1.0
425,63.115832901565746,1.0755555555555556,2.582222222222222,1.2452830188679245,1.0
426,62.031728545222016,0.7377777777777778,2.577777777777778,1.0566037735849056,1.0
427,61.345373310486934,0.7232142857142857,2.5982142857142856,1.0943396226415094,1.0
428,61.96574758124702,0.8340807174887892,2.618834080717489,1.0566037735849056,1.0
429,62.126104130815776,0.968609865470852,2.6053811659192827,1.1320754716981132,1.0
430,60.24449727327364,1.0582959641255605,2.569506726457399,1.169811320754717,1.0
431,62.837045178829975,1.1473214285714286,2.580357142857143,1.2830188679245282,1.0
432,60.7229314148504,1.3333333333333333,2.554054054054054,1.5471698113207548,1.0
433,61.199768676670786,1.0405405405405406,2.5225225225225225,1.3396226415094339,1.0
434,61.87511954265498,1.0224215246636772,2.524663677130045,1.320754716981132,1.0
435,62.900862903365585,0.9594594594594594,2.5315315315315314,1.2264150943396226,1.0
436,61.93309708913385,0.9592760180995475,2.515837104072398,1.320754716981132,1.0
437,61.769836019104204,1.0045045045045045,2.5135135135135136,1.2830188679245282,1.0
438,59.31917557289741,1.018181818181818,2.4727272727272727,1.2641509433962264,1.0
439,59.15070126396136,0.9954128440366973,2.481651376146789,1.3018867924528301,1.0
440,59.31719201076199,1.1336405529953917,2.4654377880184333,1.3773584905660377,1.0
441,59.29137680480425,1.2119815668202765,2.474654377880184,1.4150943396226414,1.0
442,59.09493085710892,1.1401869158878504,2.4953271028037385,1.490566037735849,1.0
443,58.89985173866435,1.1898148148148149,2.486111111111111,1.4528301886792452,1.0
444,59.29666299179172,1.1064814814814814,2.486111111111111,1.1886792452830188,1.0
445,59.82733023085801,1.037037037037037,2.4583333333333335,1.1886792452830188,1.0
446,59.570707558776235,1.07981220657277,2.464788732394366,1.169811320754717,1.0
447,58.06031536309922,1.0751173708920188,2.4788732394366195,1.3018867924528301,1.0
448,58.06590641671798,1.2149532710280373,2.4906542056074765,1.4339622641509433,1.0
449,58.91823042316455,1.164319248826291,2.488262910798122,1.2830188679245282,1.0
450,59.87881549284769,1.1784037558685445,2.492957746478873,1.2830188679245282,1.0
451,59.31836140490698,1.3224299065420562,2.485981308411215,1.3018867924528301,1.0
452,58.201187723589314,1.3649289099526067,2.4739336492890995,1.2830188679245282,1.0
453,58.11765100545075,1.457142857142857,2.4571428571428573,1.3773584905660377,1.0
454,57.7186165394263,1.4597156398104265,2.4597156398104265,1.2264150943396226,1.0
455,57.827663569058714,1.5566037735849056,2.4669811320754715,1.3584905660377358,1.0
456,59.36274614946276,1.7264150943396226,2.481132075471698,1.528301886792453,1.0
457,59.82563795248751,1.872037914691943,2.4976303317535544,1.4528301886792452,1.0
458,59.633953944943215,1.8571428571428572,2.5476190476190474,1.509433962264151,1.0
459,59.30353529108347,1.867298578199052,2.5545023696682465,1.679245283018868,1.0
460,59.69950164336982,1.7619047619047619,2.552380952380952,1.6415094339622642,1.0
461,59.59120362474678,1.5754716981132075,2.547169811320755,1.5849056603773586,1.0
462,59.54796535564315,1.5566037735849056,2.542452830188679,1.5849056603773586,1.0
463,59.18587339603925,1.408450704225352,2.5258215962441315,1.5660377358490567,1.0
464,58.85441919157065,1.2417061611374407,2.5165876777251186,1.3962264150943395,1.0
465,59.76749317836945,0.9807692307692307,2.5,1.2075471698113207,1.0
466,58.550832513810434,1.0813397129186604,2.4976076555023923,1.2452830188679245,1.0
467,60.03971296378714,1.0574162679425838,2.5167464114832536,1.3584905660377358,1.0
468,59.46042344452197,1.062200956937799,2.521531100478469,1.3018867924528301,1.0
469,60.435060558998536,1.1904761904761905,2.5285714285714285,1.4528301886792452,1.0
470,59.46661926691359,1.2971698113207548,2.5235849056603774,1.5471698113207548,1.0
471,59.96235543955205,1.4622641509433962,2.55188679245283,1.8113207547169812,1.0
472,59.96733769542771,1.6431924882629108,2.563380281690141,1.9056603773584906,1.0
473,61.5507119217293,1.8177570093457944,2.55607476635514,1.9245283018867925,1.0
474,61.21973878940414,1.5534883720930233,2.558139534883721,1.849056603773585,1.0
475,61.65469665543362,1.7083333333333333,2.5555555555555554,1.849056603773585,1.0
476,61.51735512649142,1.8981481481481481,2.550925925925926,1.8679245283018868,1.0
477,59.98743500491986,1.912037037037037,2.537037037037037,1.7924528301886793,1.0
478,59.985292502087816,1.608294930875576,2.5391705069124426,1.6415094339622642,1.0
479,58.47017086024897,1.4516129032258065,2.5345622119815667,1.4150943396226414,1.0
480,57.250800668721716,1.4792626728110598,2.5299539170506913,1.471698113207547,1.0
481,56.42169885144992,1.543778801843318,2.5483870967741935,1.509433962264151,1.0
482,55.8949775412988,1.5207373271889402,2.52073732718894,1.3962264150943395,1.0
483,57.18538077712568,1.4490740740740742,2.5277777777777777,1.3584905660377358,1.0
484,57.42309175627577,1.5116279069767442,2.530232558139535,1.3962264150943395,1.0
485,58.934262789519025,1.6775700934579438,2.542056074766355,1.528301886792453,1.0
486,59.55269194796924,1.8372093023255813,2.530232558139535,1.6226415094339623,1.0
487,57.94903262638298,1.7255813953488373,2.530232558139535,1.3962264150943395,1.0
488,60.20532208126948,1.5330188679245282,2.5047169811320753,1.2641509433962264,1.0
489,60.1775489275317,1.6587677725118484,2.5118483412322274,1.320754716981132,1.0
490,59.959679044294994,1.8151658767772512,2.5165876777251186,1.3773584905660377,1.0
491,59.92455226984468,1.8867924528301887,2.5,1.320754716981132,1.0
492,59.77693512830579,1.9150943396226414,2.5283018867924527,1.4528301886792452,1.0
493,59.011151407488,1.9047619047619047,2.5238095238095237,1.5660377358490567,1.0
494,59.29140191418932,1.9666666666666666,2.5285714285714285,1.509433962264151,1.0
495,60.22750761010436,2.080952380952381,2.5428571428571427,1.5660377358490567,1.0
496,61.36963885074789,1.5789473684210527,2.555023923444976,1.4528301886792452,1.0
497,61.463617149667094,1.183574879227053,2.57487922705314,1.1886792452830188,1.0
498,60.8208847968393,1.067632850241546,2.5652173913043477,1.0188679245283019,1.0
499,59.44909237181385,0.9420289855072463,2.550724637681159,0.8679245283018868,1.0
500,59.31569786988686,1.0097087378640777,2.5194174757281553,0.7924528301886793,1.0
501,60.31235928167489,1.0338164251207729,2.5072463768115942,0.8867924528301887,1.0
502,59.89542687502278,0.9423076923076923,2.4951923076923075,0.8301886792452831,1.0
503,58.523971426326355,1.0478468899521531,2.4976076555023923,0.9056603773584906,1.0
504,59.71582733463759,1.0478468899521531,2.5023923444976077,0.8679245283018868,1.0
505,59.45007404640686,1.019047619047619,2.5,0.9245283018867925,1.0
506,59.71839776260372,0.784688995215311,2.511961722488038,0.7924528301886793,1.0
507,58.249921150509245,0.8349514563106796,2.466019417475728,0.7735849056603774,1.0
508,58.47648238333487,0.8634146341463415,2.4585365853658536,0.7924528301886793,1.0
509,58.39178821838206,0.9466019417475728,2.436893203883495,0.8301886792452831,1.0
510,59.19019804087023,1.0788177339901477,2.4285714285714284,1.0566037735849056,1.0
511,59.77216229159631,1.088235294117647,2.4313725490196076,1.169811320754717,1.0
512,59.50671191272101,1.206896551724138,2.4236453201970445,1.2452830188679245,1.0
513,60.20889169216764,1.167487684729064,2.4088669950738915,1.2075471698113207,1.0
514,59.29984576962379,1.193069306930693,2.4504950495049505,1.4150943396226414,1.0
515,57.73117933268029,1.251231527093596,2.4630541871921183,1.4150943396226414,1.0
516,57.54015230768755,1.078048780487805,2.453658536585366,1.2452830188679245,1.0
517,56.02773029736306,1.103448275862069,2.4630541871921183,1.2641509433962264,1.0
518,56.500929062034764,1.2254901960784315,2.480392156862745,1.4528301886792452,1.0
519,57.38970372277968,1.3823529411764706,2.4705882352941178,1.490566037735849,1.0
520,58.92732342828901,1.4805825242718447,2.4757281553398056,1.509433962264151,1.0
521,57.317744434484055,1.4223300970873787,2.4854368932038833,1.4528301886792452,1.0
522,57.07347503120712,1.5339805825242718,2.4757281553398056,1.4528301886792452,1.0
523,56.551286038212055,1.5388349514563107,2.4805825242718447,1.4339622641509433,1.0
524,54.853438688138354,1.4223300970873787,2.4902912621359223,1.3962264150943395,1.0
525,57.11671803218123,1.2233009708737863,2.5,1.3018867924528301,1.0
526,55.676126778344795,1.3737864077669903,2.466019417475728,1.3773584905660377,1.0
527,55.74456461391245,1.5145631067961165,2.466019417475728,1.4528301886792452,1.0
528,55.79748382788064,1.6116504854368932,2.466019417475728,1.528301886792453,1.0
529,54.005826747795716,1.441747572815534,2.4611650485436893,1.509433962264151,1.0
530,54.227566526135476,1.5528846153846154,2.4615384615384617,1.5471698113207548,1.0
531,55.593686885129635,1.4202898550724639,2.4782608695652173,1.4150943396226414,1.0
532,56.426261851155374,1.2932692307692308,2.480769230769231,1.320754716981132,1.0
533,53.56344688309154,1.2535885167464116,2.478468899521531,1.2830188679245282,1.0
534,53.51127586721118,1.3791469194312795,2.4644549763033177,1.2830188679245282,1.0
535,55.65068325751712,1.4066985645933014,2.4545454545454546,1.1886792452830188,1.0
536,55.344482029558925,1.5598086124401913,2.4545454545454546,1.3773584905660377,1.0
537,55.98435485874699,1.7259615384615385,2.4326923076923075,1.4339622641509433,1.0
538,55.546637874158435,1.674757281553398,2.4029126213592233,1.3584905660377358,1.0
539,56.48040356182009,1.4390243902439024,2.4,1.1320754716981132,1.0
540,56.97268245833369,1.4292682926829268,2.395121951219512,1.0188679245283019,1.0
541,56.04585260136969,1.2995169082125604,2.396135265700483,1.0377358490566038,1.0
542,57.22569219317688,1.3140096618357489,2.4154589371980677,1.0943396226415094,1.0
543,57.29589057924306,1.1875,2.4134615384615383,1.0,1.0
544,57.266278654281784,1.3125,2.4086538461538463,1.0754716981132075,1.0
545,55.62282384607623,1.0861244019138756,2.416267942583732,1.169811320754717,1.0
546,55.22270140355397,1.2535885167464116,2.425837320574163,1.2452830188679245,1.0
547,55.99374139048583,1.2476190476190476,2.4095238095238094,1.1886792452830188,1.0
548,56.258774640692906,1.4075829383886256,2.4075829383886256,1.2452830188679245,1.0
549,57.66949655362898,1.5734597156398105,2.4075829383886256,1.2452830188679245,1.0
550,57.205092137117134,1.3915094339622642,2.4150943396226414,1.2641509433962264,1.0
551,56.22585178220491,1.3820754716981132,2.3726415094339623,1.150943396226415,1.0
552,56.24782878806506,1.3708920187793427,2.3708920187793425,1.0188679245283019,1.0
553,54.93626224929495,1.4766355140186915,2.3738317757009346,1.0754716981132075,1.0
554,54.73687816448943,1.4952830188679245,2.3537735849056602,1.0566037735849056,1.0
555,54.662521297542504,1.5714285714285714,2.3666666666666667,1.320754716981132,1.0
556,55.726309647859004,1.4545454545454546,2.354066985645933,1.320754716981132,1.0
557,54.28715768824439,1.5406698564593302,2.3062200956937797,1.2830188679245282,1.0
558,54.465336962227134,1.4134615384615385,2.3221153846153846,1.2830188679245282,1.0
559,54.14877237347394,1.5263157894736843,2.334928229665072,1.3396226415094339,1.0
560,55.44912916144454,1.6105769230769231,2.3461538461538463,1.4150943396226414,1.0
561,57.724950046429605,1.5167464114832536,2.334928229665072,1.3018867924528301,1.0
562,57.68835021037399,1.6328502415458936,2.342995169082126,1.3773584905660377,1.0
563,58.479328026575416,1.7815533980582525,2.3737864077669903,1.509433962264151,1.0
564,57.62963681495493,1.9420289855072463,2.3816425120772946,1.6226415094339623,1.0
565,57.95967900217011,1.8640776699029127,2.3932038834951457,1.528301886792453,1.0
566,58.06561238956868,1.8309178743961352,2.4057971014492754,1.3396226415094339,1.0
567,59.28444837538244,1.9565217391304348,2.4106280193236715,1.3584905660377358,1.0
568,58.925121018354226,1.9757281553398058,2.383495145631068,1.2830188679245282,1.0
569,59.255147097145574,1.5048543689320388,2.3883495145631066,1.0566037735849056,1.0
570,59.365581935051935,1.3883495145631068,2.3980582524271843,0.9433962264150944,1.0
571,59.29578964174925,1.3970588235294117,2.3872549019607843,0.9245283018867925,1.0
572,59.51069390793001,1.424390243902439,2.3804878048780487,0.8490566037735849,1.0
573,60.168727888734175,1.3088235294117647,2.3676470588235294,0.7358490566037735,1.0
574,59.2977539616222,1.3725490196078431,2.392156862745098,0.8867924528301887,1.0
575,60.10456136104847,1.4048780487804877,2.3853658536585365,0.8490566037735849,1.0
576,59.8437256429557,1.441747572815534,2.383495145631068,0.9245283018867925,1.0
577,61.01295729502754,1.4444444444444444,2.3864734299516908,0.9433962264150944,1.0
578,60.94931009288473,1.2415458937198067,2.4009661835748792,1.0754716981132075,1.0
579,60.967284972635866,1.3317073170731708,2.419512195121951,1.1132075471698113,1.0
580,60.79059565306692,1.4541062801932367,2.4009661835748792,1.0943396226415094,1.0
581,62.12668335601339,1.296116504854369,2.441747572815534,1.150943396226415,1.0
582,61.145931148962305,1.1545893719806763,2.4396135265700485,1.1320754716981132,1.0
583,60.139425082259095,1.1923076923076923,2.4471153846153846,1.0566037735849056,1.0
584,59.98928053021434,1.3125,2.4375,1.1132075471698113,1.0
585,60.491551971940865,1.4663461538461537,2.4471153846153846,1.2075471698113207,1.0
586,59.67464159693708,1.38755980861244,2.45933014354067,1.1886792452830188,1.0
587,59.74544137087398,1.4641148325358853,2.449760765550239,1.1886792452830188,1.0
588,59.918869059089054,1.5645933014354068,2.473684210526316,1.3018867924528301,1.0
589,57.36656043299602,1.6,2.447619047619048,1.2452830188679245,1.0
590,57.303822896199605,1.7799043062200957,2.449760765550239,1.4150943396226414,1.0
591,58.22262451613277,1.9086538461538463,2.4663461538461537,1.471698113207547,1.0
592,59.00655590285965,1.9615384615384615,2.4759615384615383,1.4528301886792452,1.0
593,58.56540447910682,1.8333333333333333,2.466666666666667,1.150943396226415,1.0
594,57.102368743143856,1.5625,2.4086538461538463,0.8867924528301887,1.0
595,55.1548574408175,1.541062801932367,2.42512077294686,0.9056603773584906,1.0
596,54.62976496503606,1.6394230769230769,2.4278846153846154,1.0188679245283019,1.0
597,54.8084781339621,1.6220095693779903,2.4210526315789473,1.0188679245283019,1.0
598,53.04932911042413,1.5951219512195123,2.3658536585365852,1.0566037735849056,1.0
599,52.02729284462224,1.446078431372549,2.3676470588235294,0.9245283018867925,1.0
600,53.10242394928248,1.395121951219512,2.3658536585365852,0.9811320754716981,1.0
601,52.10773687993336,1.1796116504854368,2.3592233009708736,0.7924528301886793,1.0
602,52.06198078672014,1.2585365853658537,2.3609756097560974,0.7924528301886793,1.0
603,53.930986359270555,1.3152709359605912,2.3497536945812807,0.7735849056603774,1.0
604,53.41096917776651,1.4554455445544554,2.371287128712871,1.0943396226415094,1.0
605,53.78895300272353,1.5073891625615763,2.3793103448275863,1.150943396226415,1.0
606,54.73146331289188,1.6650246305418719,2.394088669950739,1.2452830188679245,1.0
607,54.94701691705293,1.7401960784313726,2.3872549019607843,1.0943396226415094,1.0
608,53.76831641834217,1.7414634146341463,2.3560975609756096,1.169811320754717,1.0
609,54.507874585207325,1.7427184466019416,2.3300970873786406,1.0754716981132075,1.0
610,54.44923652232988,1.8640776699029127,2.349514563106796,1.2452830188679245,1.0
611,53.69681126652788,1.9951690821256038,2.323671497584541,1.2641509433962264,1.0
612,53.655353398902825,2.1449275362318843,2.323671497584541,1.320754716981132,1.0
613,54.14842029395687,1.357487922705314,2.342995169082126,1.169811320754717,1.0
614,54.937381711686804,1.2705314009661837,2.3333333333333335,1.1320754716981132,1.0
615,55.21377335081201,1.3942307692307692,2.3365384615384617,1.3018867924528301,1.0
616,55.6605219755997,1.361904761904762,2.3333333333333335,1.2641509433962264,1.0
617,56.029729804739006,1.38755980861244,2.3301435406698565,1.150943396226415,1.0
618,55.43521096111628,1.38755980861244,2.325358851674641,1.1132075471698113,1.0
619,54.822136617097414,1.5142857142857142,2.3285714285714287,1.169811320754717,1.0
620,55.05405263648393,1.6028708133971292,2.3301435406698565,1.1886792452830188,1.0
621,54.691608243381125,1.631578947368421,2.354066985645933,1.3584905660377358,1.0
622,54.733302570446476,1.7047619047619047,2.342857142857143,1.509433962264151,1.0
623,53.05641172180269,1.853080568720379,2.345971563981043,1.5471698113207548,1.0
624,53.967477661671666,2.0382775119617227,2.334928229665072,1.6603773584905661,1.0
625,53.88817810296469,2.1285714285714286,2.3380952380952382,1.7169811320754718,1.0
626,54.46645365539889,2.3190476190476192,2.342857142857143,1.7924528301886793,1.0
627,55.807303841449325,2.5428571428571427,2.357142857142857,1.8679245283018868,1.0
628,55.00674646382333,2.557142857142857,2.3523809523809525,1.830188679245283,1.0
629,55.568945419612,2.738095238095238,2.361904761904762,1.7358490566037736,1.0
630,54.75899320666418,2.795238095238095,2.3285714285714287,1.8113207547169812,1.0
631,54.779037696267714,2.9282296650717705,2.3205741626794256,1.7547169811320755,1.0
632,56.1987431148215,2.895734597156398,2.3270142180094786,1.7924528301886793,1.0
633,55.55292588631413,2.7333333333333334,2.3285714285714287,1.6415094339622642,1.0
634,54.290609322603636,2.838862559241706,2.3317535545023698,1.679245283018868,1.0
635,55.18837521222557,2.838862559241706,2.345971563981043,1.6037735849056605,1.0
636,56.34772097313243,2.8341232227488153,2.3554502369668247,1.5660377358490567,1.0
637,56.053567569822214,1.9386792452830188,2.3443396226415096,1.2830188679245282,1.0
638,57.37725929516698,1.04739336492891,2.3649289099526065,0.9056603773584906,1.0
639,57.52928992943184,0.8066037735849056,2.358490566037736,0.8301886792452831,1.0
640,57.401780625133206,0.6854460093896714,2.3615023474178405,0.8113207547169812,1.0
641,57.72092847322201,0.7783018867924528,2.3537735849056602,0.8679245283018868,1.0
642,58.592546768869724,0.8066037735849056,2.3773584905660377,0.9433962264150944,1.0
643,58.8289769681452,0.8497652582159625,2.380281690140845,0.9056603773584906,1.0
644,59.71261596608905,0.7417840375586855,2.39906103286385,0.8679245283018868,1.0
645,59.93281148458557,0.704225352112676,2.39906103286385,0.8301886792452831,1.0
646,59.90216367218258,0.7417840375586855,2.403755868544601,0.8490566037735849,1.0
647,58.59457655250054,0.7441860465116279,2.386046511627907,0.7735849056603774,1.0
648,58.26381467702781,0.7813953488372093,2.386046511627907,0.8301886792452831,1.0
649,59.33950806145761,0.8976744186046511,2.395348837209302,0.9245283018867925,1.0
650,59.483626888509306,0.9626168224299065,2.3878504672897196,0.8867924528301887,1.0
651,59.854068300068036,1.0694444444444444,2.3703703703703702,1.0,1.0
652,59.32117219664161,1.0694444444444444,2.384259259259259,1.0754716981132075,1.0
653,58.3555147209422,1.1376146788990826,2.371559633027523,1.0754716981132075,1.0
654,57.51064161210297,1.1689497716894977,2.3607305936073057,1.0,1.0
655,59.35206371752273,1.294930875576037,2.3640552995391704,1.0754716981132075,1.0
656,58.53315655078582,1.327188940092166,2.3732718894009217,1.0377358490566038,1.0
657,56.90154858025012,1.162037037037037,2.337962962962963,0.8867924528301887,1.0
658,56.643197397133285,1.1759259259259258,2.3194444444444446,0.9811320754716981,1.0
659,58.37890726401226,1.0934579439252337,2.3130841121495327,0.9245283018867925,1.0
660,58.621449944237185,1.2289719626168225,2.3317757009345796,1.1132075471698113,1.0
661,58.83882862647069,1.2877358490566038,2.3160377358490565,1.150943396226415,1.0
662,58.53703759928478,1.4619047619047618,2.3190476190476192,1.320754716981132,1.0
663,58.090924196109476,1.5215311004784688,2.3301435406698565,1.2830188679245282,1.0
664,59.02044650105907,1.4666666666666666,2.3333333333333335,1.3962264150943395,1.0
665,59.20541823378103,1.229665071770335,2.339712918660287,1.3396226415094339,1.0
666,59.15686688789233,1.2095238095238094,2.3333333333333335,1.320754716981132,1.0
667,58.19066306322318,1.0714285714285714,2.342857142857143,1.0943396226415094,1.0
668,58.08549145975656,1.018957345971564,2.345971563981043,1.0,1.0
669,58.85320270718593,1.0813397129186604,2.325358851674641,1.169811320754717,1.0
670,57.50565243378187,1.1714285714285715,2.3285714285714287,1.2452830188679245,1.0
671,55.97367489964082,1.2890995260663507,2.345971563981043,1.3584905660377358,1.0
672,58.640034690041674,1.4549763033175356,2.360189573459716,1.4528301886792452,1.0
673,58.555320801524424,1.330188679245283,2.3679245283018866,1.4528301886792452,1.0
674,60.18191790581703,1.4454976303317535,2.3838862559241707,1.528301886792453,1.0
675,61.14677561489001,1.5687203791469195,2.4170616113744074,1.7169811320754718,1.0
676,60.09507456954846,1.591549295774648,2.4131455399061035,1.6981132075471699,1.0
677,59.81216675565203,1.5308056872037914,2.4360189573459716,1.679245283018868,1.0
678,59.83652371187348,1.661904761904762,2.4285714285714284,1.6981132075471699,1.0
679,59.699880515748276,1.7523809523809524,2.433333333333333,1.7924528301886793,1.0
680,59.94961045118527,1.8047619047619048,2.4238095238095236,1.7924528301886793,1.0
681,59.652573019799284,1.7619047619047619,2.442857142857143,1.849056603773585,1.0
682,59.759286067221154,1.8962264150943395,2.438679245283019,1.9622641509433962,1.0
683,57.82826747778558,1.9014084507042253,2.4413145539906105,1.9622641509433962,1.0
684,57.69714024254571,2.0093457943925235,2.4485981308411215,1.9433962264150944,1.0
685,59.422208217155415,1.719626168224299,2.457943925233645,1.830188679245283,1.0
686,59.56621719148536,1.6869158878504673,2.4766355140186915,1.8113207547169812,1.0
687,60.08396732856377,1.8372093023255813,2.4511627906976745,1.7358490566037736,1.0
688,59.69819426804236,1.9953271028037383,2.453271028037383,1.8113207547169812,1.0
689,59.63200168469699,1.813953488372093,2.4465116279069767,1.6037735849056605,1.0
690,58.544234472447066,1.9023255813953488,2.4465116279069767,1.6981132075471699,1.0
691,59.060051605421684,2.0599078341013826,2.442396313364055,1.7547169811320755,1.0
692,60.719550166094436,1.9400921658986174,2.4608294930875574,1.7735849056603774,1.0
693,60.24569447134634,2.018348623853211,2.4403669724770642,1.7358490566037736,1.0
694,59.27556138540449,2.189814814814815,2.435185185185185,1.7924528301886793,1.0
695,60.10602929993387,2.212962962962963,2.4537037037037037,1.7735849056603774,1.0
696,61.275284619767675,2.2465116279069766,2.4604651162790696,1.7547169811320755,1.0
697,61.130417642362744,2.384259259259259,2.4537037037037037,1.7735849056603774,1.0
698,60.9908763131724,2.361111111111111,2.4583333333333335,1.7735849056603774,1.0
699,61.541986869063145,2.2744186046511627,2.441860465116279,1.6603773584905661,1.0
700,60.449080943347184,2.2325581395348837,2.4232558139534883,1.6603773584905661,1.0
701,59.06872454019113,2.294930875576037,2.423963133640553,1.7924528301886793,1.0
702,59.83866352448369,2.4608294930875574,2.4285714285714284,1.7735849056603774,1.0
703,58.807214355187796,2.550925925925926,2.3981481481481484,1.6603773584905661,1.0
704,60.070558387566024,2.5694444444444446,2.4027777777777777,1.7169811320754718,1.0
705,59.40797271142151,2.463302752293578,2.3990825688073394,1.6981132075471699,1.0
706,60.71490872255272,2.6056338028169015,2.3896713615023475,1.6037735849056605,1.0
707,60.24632410431554,1.897196261682243,2.392523364485981,1.5471698113207548,1.0
708,62.18679009869044,1.2452830188679245,2.4150943396226414,1.2264150943396226,1.0
709,63.03878884591351,1.1933962264150944,2.4292452830188678,1.1320754716981132,1.0
710,63.27975938256842,1.323943661971831,2.431924882629108,1.2641509433962264,1.0
711,63.33769325678482,0.9436619718309859,2.4413145539906105,1.1886792452830188,1.0
712,62.167910815982914,0.6962616822429907,2.4485981308411215,1.2264150943396226,1.0
713,61.91881803220557,0.8349056603773585,2.4339622641509435,1.2830188679245282,1.0
714,62.200156652654734,0.8878504672897196,2.453271028037383,1.5660377358490567,1.0
715,62.45773697447424,0.8967136150234741,2.4507042253521125,1.490566037735849,1.0
716,63.0177720620763,0.9906542056074766,2.4299065420560746,1.471698113207547,1.0
717,63.125331662089714,0.9765258215962441,2.4413145539906105,1.2830188679245282,1.0
718,62.74072941917866,1.1173708920187793,2.4413145539906105,1.2830188679245282,1.0
719,64.10801171016612,1.1690140845070423,2.4460093896713615,1.3018867924528301,1.0
720,63.81803509287904,1.280373831775701,2.44392523364486,1.320754716981132,1.0
721,62.72754111436117,1.2383177570093458,2.4485981308411215,1.3773584905660377,1.0
722,61.933421951611436,1.0462962962962963,2.439814814814815,1.2830188679245282,1.0
723,58.227332524296344,1.0509259259259258,2.4444444444444446,1.3396226415094339,1.0
724,59.6307547171624,1.1441860465116278,2.4186046511627906,1.4150943396226414,1.0
725,59.46222647075034,1.212962962962963,2.4212962962962963,1.3018867924528301,1.0
726,60.73238321115697,1.266355140186916,2.4018691588785046,1.2830188679245282,1.0
727,60.573170534515,1.25,2.4056603773584904,1.2264150943396226,1.0
728,59.54881036061601,1.1032863849765258,2.403755868544601,1.0377358490566038,1.0
729,58.682641467528995,1.1635514018691588,2.4065420560747666,1.0754716981132075,1.0
730,56.97108767761614,1.287037037037037,2.412037037037037,1.3018867924528301,1.0
731,57.163761134858284,1.2523364485981308,2.44392523364486,1.509433962264151,1.0
732,57.72022737155033,1.2731481481481481,2.462962962962963,1.6603773584905661,1.0
733,57.70302947027558,1.413953488372093,2.4558139534883723,1.7547169811320755,1.0
734,59.99369642850035,1.4604651162790698,2.4651162790697674,1.6415094339622642,1.0
735,60.488455895620746,1.4861111111111112,2.449074074074074,1.4150943396226414,1.0
736,59.214763851473435,1.375,2.462962962962963,1.320754716981132,1.0
737,61.18636464061983,1.5162790697674418,2.4511627906976745,1.5471698113207548,1.0
738,61.38886776245415,1.699530516431925,2.4507042253521125,1.679245283018868,1.0
739,61.481893786032344,1.8738317757009346,2.44392523364486,1.7924528301886793,1.0
740,62.037253222115744,1.958139534883721,2.4558139534883723,1.8867924528301887,1.0
741,61.53996887518486,1.5534883720930233,2.427906976744186,1.5471698113207548,1.0
742,62.372815599189174,1.6338028169014085,2.4507042253521125,1.6037735849056605,1.0
743,61.83502129042756,1.6651162790697673,2.4604651162790696,1.6415094339622642,1.0
744,61.05403076900758,1.6962616822429906,2.453271028037383,1.528301886792453,1.0
745,61.56361686761313,1.6883720930232557,2.469767441860465,1.5660377358490567,1.0
746,61.82798342937691,1.6481481481481481,2.490740740740741,1.5471698113207548,1.0
747,60.942432751952616,1.8372093023255813,2.469767441860465,1.6037735849056605,1.0
748,61.69013548325848,1.9395348837209303,2.488372093023256,1.6415094339622642,1.0
749,62.0986587278435,1.5069767441860464,2.516279069767442,1.5471698113207548,1.0
750,61.82482702938198,1.3925233644859814,2.4953271028037385,1.6037735849056605,1.0
751,63.43305698546305,1.4604651162790698,2.5069767441860464,1.7547169811320755,1.0
752,63.47784404186958,1.4647887323943662,2.516431924882629,1.9245283018867925,1.0
753,63.17535379751656,1.4883720930232558,2.5209302325581397,1.9811320754716981,1.0
754,62.976865579187326,1.52803738317757,2.5233644859813085,1.9811320754716981,1.0
755,62.69999198538888,1.6604651162790698,2.5441860465116277,2.0,1.0
756,63.145794315786624,1.6121495327102804,2.532710280373832,1.9245283018867925,1.0
757,62.17298753277345,1.3935185185185186,2.5277777777777777,1.6603773584905661,1.0
758,62.147104967971416,1.3703703703703705,2.513888888888889,1.490566037735849,1.0
759,61.531575259733344,1.4186046511627908,2.5023255813953487,1.4150943396226414,1.0
760,60.922327508787795,1.4166666666666667,2.4953703703703702,1.3018867924528301,1.0
761,61.967208758716026,1.2314814814814814,2.513888888888889,1.2641509433962264,1.0
762,61.29191337656265,1.224770642201835,2.5137614678899083,1.3018867924528301,1.0
763,59.69103664492167,1.0414746543778801,2.525345622119816,1.2264150943396226,1.0
764,59.88959233983956,1.0410958904109588,2.529680365296804,1.150943396226415,1.0
765,60.06930881460975,1.1090909090909091,2.522727272727273,1.0566037735849056,1.0
766,62.20299474043126,1.1357466063348416,2.515837104072398,0.9811320754716981,1.0
767,62.9215911102847,1.0855855855855856,2.518018018018018,0.9056603773584906,1.0
768,62.75788175959908,1.2062780269058295,2.5470852017937218,1.169811320754717,1.0
769,62.59503517336562,1.34375,2.5535714285714284,1.2641509433962264,1.0
770,64.22615600639611,1.4821428571428572,2.5669642857142856,1.3018867924528301,1.0
771,64.71498342242276,1.490990990990991,2.536036036036036,1.3018867924528301,1.0
772,62.95143000294286,1.4035874439461884,2.5291479820627805,1.320754716981132,1.0
773,61.95799499670954,1.5133928571428572,2.5357142857142856,1.4150943396226414,1.0
774,62.09507727726951,1.6026785714285714,2.5223214285714284,1.3773584905660377,1.0
775,59.916534409290826,1.2197309417040358,2.515695067264574,1.1132075471698113,1.0
776,60.092846604060284,1.2008928571428572,2.5267857142857144,1.0566037735849056,1.0
777,61.69875204609945,1.3303571428571428,2.5401785714285716,1.169811320754717,1.0
778,60.7547408567754,1.4464285714285714,2.549107142857143,1.2075471698113207,1.0
779,61.43007162218513,1.2780269058295963,2.5381165919282513,1.0943396226415094,1.0
780,63.33754748392612,1.0633484162895928,2.5520361990950224,1.1320754716981132,1.0
781,61.98351915121111,1.018181818181818,2.577272727272727,1.1320754716981132,1.0
782,64.07386401132848,1.0772727272727274,2.5727272727272728,1.2264150943396226,1.0
783,66.00221863497835,1.2328767123287672,2.5707762557077625,1.3018867924528301,1.0
784,64.11393356107504,1.278538812785388,2.589041095890411,1.2264150943396226,1.0
785,64.13926360966376,1.3424657534246576,2.584474885844749,1.3018867924528301,1.0
786,66.33516204448928,1.17351598173516,2.5799086757990866,1.0377358490566038,1.0
787,63.620448938223895,1.0091324200913243,2.5707762557077625,0.8490566037735849,1.0
788,62.57501744887074,1.146788990825688,2.5779816513761467,0.9433962264150944,1.0
789,61.66917946228035,1.304147465437788,2.589861751152074,1.1132075471698113,1.0
790,62.08569125965967,1.3944954128440368,2.591743119266055,1.169811320754717,1.0
791,62.64099516569396,1.5068493150684932,2.5799086757990866,1.169811320754717,1.0
792,63.17709900248076,1.5681818181818181,2.577272727272727,1.2264150943396226,1.0
793,61.92753473219786,1.6261261261261262,2.5585585585585586,1.150943396226415,1.0
794,63.58159204946188,1.6425339366515836,2.583710407239819,1.2264150943396226,1.0
795,64.75129694936547,1.7031963470319635,2.5525114155251143,1.1886792452830188,1.0
796,64.72969799538824,1.7534246575342465,2.557077625570776,1.3018867924528301,1.0
797,64.40906079456332,1.8227272727272728,2.559090909090909,1.2075471698113207,1.0
798,64.09326971959513,2.0,2.5662100456621006,1.3962264150943395,1.0
799,64.09853624553025,2.159090909090909,2.5454545454545454,1.490566037735849,1.0
